district,Rice,Wheat,jowar,bajra,maize,barley,small millets,ragi,arhar,moong,masur,urd,peas,khesari,other pulses,gram products,besan,other pulse products
Kupwara,8.5772,0,0,0,0.584722743,3.703877257,0,0,0,0,2.57316,0,0,0,0,0,0,0
Baramula,16.3437,0,0,0,8.17185,0,0,0,0,0,0,0,4.90311,0,0,0,0,0
Srinagar,16.6121,0,0,0,0,1.503230351,6.802819649,0,0,0,0,0.152384194,0,0,0,2.72112786,2.110117946,0
Badgam,8.4411,0,0,0,0.575444568,3.645105432,0,0,0,0,2.53233,0,0,0,0,0,0,0
Pulwama,9.9548,0,0,0,0,0.900810704,4.076589296,0,0,0,0,0.09131622,0,0,0,1.630635718,1.264488062,0
Anantnag,17.211,0,0,0,1.173304008,7.432195992,0,0,0,0,5.1633,0,0,0,0,0,0,0
Leh,0.7439,0.7439,0,0,0,0.134631149,0.609268851,0,0,0,0,0.013647715,0,0,0,0.24370754,0.188984745,0
Kargil,2.1566,0,0,0,0,0.195150919,0.883149081,0,0,0,0,0.019782674,0,0,0,0.353259633,0.273937694,0
Doda,6.55995,6.55995,0,0,0,1.187220874,5.372729126,0,0,0,0,0.120349949,0,0,0,2.14909165,1.6665284,0
Udhampur,8.09925,8.09925,0,0,0,1.465803651,6.633446349,0,0,0,0,0.148590206,0,0,0,2.65337854,2.057581254,0
Punch,3.6256,3.6256,0,0,0,0.656161709,2.969438291,0,0,0,0,0.066515869,0,0,0,1.187775317,0.921068814,0
Rajauri,4.767,4.767,0,0,4.767,0,0,0,0,0,0,0,2.8602,0,0,0,0,0
Jammu,16.67465,16.67465,0,0,0,3.017781011,13.656868989,0,0,0,0,0.305915941,0,0,0,5.462747596,4.236126463,0
Kathua,5.9863,5.9863,0,0,0,1.083401599,4.902898401,0,0,0,0,0.109825669,0,0,0,1.961159361,1.52079497,0
Chamba,4.81305,4.81305,0,0,0,0.871066613,3.941983387,0,0,0,0,0.088301027,0,0,0,1.576793355,1.222735618,0
Kangra,15.4532,15.4532,0,0,0,2.796722781,12.656477219,0,0,0,0,0.283507013,0,0,0,5.062590888,3.925822099,0
Lahul,0.3033,0.3033,0,0,0,0.054891286,0.248408714,0,0,0,0,0.005564393,0,0,0,0.099363486,0.077052121,0
Kullu,4.1242,4.1242,0,0,0,0.746398422,3.377801578,0,0,0,0,0.075663269,0,0,0,1.351120631,1.0477361,0
Mandi,11.15145,11.15145,0,0,0,2.01819133,9.13325867,0,0,0,0,0.204586382,0,0,0,3.653303468,2.832980149,0
Hamirpur,4.955,4.955,0,0,0,0.896756748,4.058243252,0,0,0,0,0.090905266,0,0,0,1.623297301,1.258797434,0
Una,0,10.0262,0,0,0,0.907271696,4.105828304,0,0,0,0,0.091971178,0,0,0,1.642331322,1.2735575,0
Bilaspur,3.98985,3.98985,0,0,0,0.722083736,3.267766264,0,0,0,0,0.073198461,0,0,0,1.307106506,1.013605033,0
Solan,5.03055,5.03055,0,4.032632697,0.997917303,0,0,0,0,0,0,0,0,0,0,0,3.01833,0
Sirmaur,4.61515,4.61515,0,0,4.61515,0,0,0,0,0,0,0,2.76909,0,0,0,0,0
Shimla,8.05335,8.05335,0,0,8.05335,0,0,0,0,0,0,0,4.83201,0,0,0,0,0
Kinnaur,0.8944,0.8944,0,0,0.8944,0,0,0,0,0,0,0,0.53664,0,0,0,0,0
Gurdaspur,0,33.6969,0,0,0,3.049235365,13.799214635,0,0,0,0,0.309104505,0,0,0,5.519685854,4.280279641,0
Amritsar,0,33.7777,0,0,0,3.056546964,13.832303036,0,0,0,0,0.309845691,0,0,0,5.532921215,4.290543095,0
Kapurthala,0,15.4511,0,0,0,1.398171361,6.327378639,0,0,0,0,0.141734243,0,0,0,2.530951455,1.962644301,0
Jalandhar,0,37.4216,0,0,0,3.386283786,15.324516214,0,0,0,0,0.343271493,0,0,0,6.129806485,4.753402022,0
Hoshiarpur,0,28.5328,0,0,0,2.581935514,11.684464486,0,0,0,0,0.261733781,0,0,0,4.673785795,3.624320425,0
Nawanshahr,0,12.9174,0,0,0,1.168896631,5.289803369,0,0,0,0,0.1184924,0,0,0,2.115921347,1.640806253,0
Rupnagar,0,12.6439,0,0,0,1.144147593,5.177802407,0,0,0,0,0.115983561,0,0,0,2.071120963,1.606065476,0
Fatehgarh,0,11.7989,0,0,0,1.067683471,4.831766529,0,0,0,0,0.108232305,0,0,0,1.932706612,1.498731084,0
Ludhiana,0,44.2857,0,0,0,4.007416783,18.135433217,0,0,0,0,0.406236461,0,0,0,7.254173287,5.625300252,0
Moga,0,15.157,0,0,0,1.371558227,6.206941773,0,0,0,0,0.139036439,0,0,0,2.482776709,1.925286852,0
Firozpur,0,36.1616,0,0,0,3.272266279,14.808533721,0,0,0,0,0.331713406,0,0,0,5.923413489,4.593353105,0
Muktsar,0,15.9617,0,0,0,1.444375599,6.536474401,0,0,0,0,0.14641802,0,0,0,2.61458976,2.027502219,0
Faridkot,0,10.5313,0,0,0,0.952978238,4.312671762,0,0,0,0,0.096604503,0,0,0,1.725068705,1.337716792,0
Bathinda,0,25.3283,0,0,0,2.291960035,10.372189965,0,0,0,0,0.232338632,0,0,0,4.148875986,3.217275382,0
Mansa,0,14.0295,0,0,0,1.269530656,5.745219344,0,0,0,0,0.128693787,0,0,0,2.298087738,1.782068476,0
Sangrur,0,24.3775,0,0,0,2.205922061,9.982827939,0,0,0,0,0.223616863,0,0,0,3.993131176,3.096501961,0
Patiala,0,37.4308,0,0,0,3.387116295,15.328283705,0,0,0,0,0.343355885,0,0,0,6.131313482,4.754570633,0
SJAS Nagar (Mohali),0,11.7181,0,0,0,1.060371872,4.798678128,0,0,0,0,0.107491119,0,0,0,1.919471251,1.488467629,0
Barnala,0,10.7995,0,0,0,0.977247679,4.422502321,0,0,0,0,0.099064724,0,0,0,1.769000928,1.371784347,0
Tarn Taran,0,12.7667,0,0,0,1.155259776,5.228090224,0,0,0,0,0.117110016,0,0,0,2.09123609,1.621663895,0
Chandigarh,0,10.6128,0,0,0,0.96035318,4.34604682,0,0,0,0,0.097352109,0,0,0,1.738418728,1.348069163,0
Uttarkashi,3.4314,3.4314,0,0,0,0.621015359,2.810384641,0,0,0,0,0.062953043,0,0,0,1.124153856,0.871733101,0
Chamoli,4.5866,4.5866,0,0,0,0.830083653,3.756516347,0,0,0,0,0.084146537,0,0,0,1.502606539,1.165206924,0
Rudraprayag,2.61665,2.61665,0,0,0,0.473561765,2.143088235,0,0,0,0,0.048005502,0,0,0,0.857235294,0.664749204,0
Tehri,6.6934,6.6934,0,0,6.6934,0,0,0,0,0,0,0,4.01604,0,0,0,0,0
Dehradun,15.56435,15.56435,0,0,0,2.816838727,12.747511273,0,0,0,0,0.28554619,0,0,0,5.099004509,3.954059301,0
Garhwal,7.8211,7.8211,0,0,0,1.415464017,6.405635983,0,0,0,0,0.14348722,0,0,0,2.562254393,1.986918387,0
Pithoragarh,5.6751,5.6751,0,0,0,1.027080569,4.648019431,0,0,0,0,0.104116342,0,0,0,1.859207772,1.441735886,0
Bageshwar,2.99695,2.99695,0,0,2.99695,0,0,0,0,0,0,0,1.79817,0,0,0,0,0
Almora,6.4383,6.4383,0,0,0,1.165204636,5.273095364,0,0,0,0,0.118118138,0,0,0,2.109238146,1.635623717,0
Champawat,2.3187,2.3187,0,0,0,0.419638723,1.899061277,0,0,0,0,0.042539261,0,0,0,0.759624511,0.589056228,0
Nainital,4.15525,4.15525,0,0,0,0.752017856,3.403232144,0,0,0,0,0.076232917,0,0,0,1.361292858,1.055624225,0
Udham,12.9344,12.9344,0,0,1.763521395,11.170878605,0,0,0,0,7.76064,0,0,0,0,0,0,0
Hardwar,0,30.3327,0,0,15.16635,0,0,0,0,0,0,0,9.09981,0,0,0,0,0
Nainital(Hills),2.46455,2.46455,0,0,2.46455,0,0,0,0,0,0,0,1.47873,0,0,0,0,0
Dehradun(Hills),0.7628,0.7628,0,0,0,0.138051675,0.624748325,0,0,0,0,0.013994457,0,0,0,0.24989933,0.193786212,0
Panchkula,0,8.0156,0,0,0,0.72533233,3.28246767,0,0,0,0,0.073527775,0,0,0,1.312987068,1.018165157,0
Ambala,0,18.0583,0,0,0,1.634097112,7.395052888,0,0,0,0,0.165650309,0,0,0,2.958021155,2.293818536,0
Yamunanagar,0,20.2259,0,0,0,1.830243422,8.282706578,0,0,0,0,0.185533886,0,0,0,3.313082631,2.569153482,0
Kurukshetra,0,18.9052,0,0,0,1.710733166,7.741866834,0,0,0,0,0.173418994,0,0,0,3.096746734,2.401394272,0
Kaithal,0,18.5716,0,0,0,1.680545673,7.605254327,0,0,0,0,0.170358853,0,0,0,3.042101731,2.359019416,0
Karnal,0,28.7189,0,0,0,2.598775719,11.760674281,0,0,0,0,0.263440892,0,0,0,4.704269713,3.647959396,0
Panipat,0,21.3295,0,0,0,1.93010828,8.73464172,0,0,0,0,0.195657302,0,0,0,3.493856688,2.70933601,0
Sonipat,0,28.9831,0,0,0,2.622683199,11.868866801,0,0,0,0,0.26586442,0,0,0,4.74754672,3.681518859,0
Jind,0,22.7777,0,0,0,2.061156022,9.327693978,0,0,0,0,0.208941763,0,0,0,3.731077591,2.893290646,0
Fatehabad,0,18.1382,0,0,0,1.64132727,7.42777273,0,0,0,0,0.166383238,0,0,0,2.971109092,2.30396767,0
Sirsa,0,24.5083,0,0,0,2.217758164,10.036391836,0,0,0,0,0.224816703,0,0,0,4.014556734,3.113116563,0
Hisar,0,34.7045,0,0,0,3.140413175,14.211836825,0,0,0,0,0.318347305,0,0,0,5.68473473,4.408267965,0
Bhiwani,0,29.8326,0,11.957332517,2.958967483,0,0,0,0,0,0,0,0,0,0,0,8.94978,0
Rohtak,0,19.5086,0,0,0,1.765334883,7.988965117,0,0,0,0,0.178954033,0,0,0,3.195586047,2.47803992,0
Jhajjar,0,17.8674,0,0,0,1.616822555,7.316877445,0,0,0,0,0.163899167,0,0,0,2.926750978,2.269569855,0
Mahendragarh,0,21.936,0,0,0,1.984990517,8.983009483,0,0,0,0,0.201220778,0,0,0,3.593203793,2.786375429,0
Rewari,0,17.1398,0,0,0,1.550981969,7.018918031,0,0,0,0,0.157224831,0,0,0,2.807567212,2.177147957,0
Gurgaon,0,17.2976,0,0,0,1.565261304,7.083538696,0,0,0,0,0.158672343,0,0,0,2.833415478,2.197192178,0
Faridabad,0,31.3606,0,0,0,2.837823378,12.842476622,0,0,0,0,0.287673428,0,0,0,5.136990649,3.983515923,0
Mewat,0,15.3941,0,0,0,1.393013426,6.304036574,0,0,0,0,0.141211377,0,0,0,2.521614629,1.955403993,0
North West Delhi,0,104.5515,0,0,0,9.460874182,42.814875818,0,0,0,0,0.959059726,0,0,0,17.125950327,13.280439947,0
North Delhi,0.8778,0.8778,0,0,0,0.158864394,0.718935606,0,0,0,0,0.016104267,0,0,0,0.287574242,0.223001491,0
North East Delhi,0,12.7027,0,0,0,1.14946841,5.20188159,0,0,0,0,0.116522938,0,0,0,2.080752636,1.613534426,0
East Delhi,0,3.5173,0,0,0,0.318280778,1.440369222,0,0,0,0,0.03226449,0,0,0,0.576147689,0.446777822,0
New Delhi,0,3.5856,0,0,0,0.324461251,1.468338749,0,0,0,0,0.032891011,0,0,0,0.5873355,0.455453489,0
West Delhi,0,3.6008,0,0,0,0.3258367,1.4745633,0,0,0,0,0.033030442,0,0,0,0.58982532,0.457384238,0
South West Delhi,0,5.1975,0,0,0,0.47032222,2.12842778,0,0,0,0,0.047677106,0,0,0,0.851371112,0.660201782,0
South Delhi,0,10.1348,0,0,0,0.917098919,4.150301081,0,0,0,0,0.092967375,0,0,0,1.660120432,1.287352193,0
Ganganagar,0,33.5277,0,0,0,3.033924442,13.729925558,0,0,0,0,0.307552419,0,0,0,5.491970223,4.258787357,0
Hanumangarh,0,25.7057,0,0,0,2.326110993,10.526739007,0,0,0,0,0.235800554,0,0,0,4.210695603,3.265213843,0
Bikaner,0,33.4303,0,0,0,3.025110708,13.690039292,0,0,0,0,0.306658961,0,0,0,5.476015717,4.246415322,0
Churu,0,36.1934,0,14.50683208,3.58986792,0,0,0,0,0,0,0,0,0,0,0,10.85802,0
Jhunjhunun,0,37.5885,0,0,0,3.401386582,15.392863418,0,0,0,0,0.34480248,0,0,0,6.157145367,4.774602152,0
Alwar,0,53.7493,0,21.54348775,5.33116225,0,0,0,0,0,0,0,0,0,0,0,16.12479,0
Bharatpur,0,36.7205,0,14.718101295,3.642148705,0,0,0,0,0,0,0,0,0,0,0,11.01615,0
Dhaulpur,0,19.7882,0,7.931393419,1.962706581,0,0,0,0,0,0,0,0,0,0,0,5.93646,0
Karauli,0,21.1528,0,0,0,1.914118682,8.662281318,0,0,0,0,0.194036418,0,0,0,3.464912527,2.686891055,0
Sawai,0,21.362,0,0,0,1.933049208,8.747950792,0,0,0,0,0.195955427,0,0,0,3.499180317,2.713464256,0
Dausa,0,22.383,0,0,0,2.025439585,9.166060415,0,0,0,0,0.205321147,0,0,0,3.666424166,2.843154688,0
Jaipur,0,117.9859,0,47.290435248,11.702514752,0,0,0,0,0,0,0,0,0,0,0,35.39577,0
Sikar,0,43.2852,0,17.349326893,4.293273107,0,0,0,0,0,0,0,0,0,0,0,12.98556,0
Nagaur,0,54.3832,0,21.797563931,5.394036069,0,0,0,0,0,0,0,0,0,0,0,16.31496,0
Jodhpur,0,61.5901,0,24.686192469,6.108857531,0,0,0,0,0,0,0,0,0,0,0,18.47703,0
Jaisalmer,0,10.0459,0,4.026540319,0.996409681,0,0,0,0,0,0,0,0,0,0,0,3.01377,0
Barmer,0,42.4533,0,17.015889481,4.210760519,0,0,0,0,0,0,0,0,0,0,0,12.73599,0
Jalor,0,30.3183,0,12.152008019,3.007141981,0,0,0,0,0,0,0,0,0,0,0,9.09549,0
Sirohi,0,19.2148,0,0,0,1.738748896,7.868651104,0,0,0,0,0.176258981,0,0,0,3.147460441,2.440720578,0
Pali,0,35.095,0,14.066577659,3.480922341,0,0,0,0,0,0,0,0,0,0,0,10.5285,0
Ajmer,0,50.0627,0,20.065845772,4.965504228,0,0,0,0,0,0,0,0,0,0,0,15.01881,0
Tonk,0,25.2267,0,0,0,2.282766242,10.330583758,0,0,0,0,0.231406646,0,0,0,4.132233503,3.20436985,0
Bundi,0,18.8208,0,0,0,1.703095803,7.707304197,0,0,0,0,0.172644786,0,0,0,3.082921679,2.390673536,0
Bhilwara,0,47.8587,0,19.182451068,4.746898932,0,0,0,0,0,0,0,0,0,0,0,14.35761,0
Rajsamand,0,20.3586,0,0,0,1.842251456,8.337048544,0,0,0,0,0.186751155,0,0,0,3.334819418,2.586009428,0
Udaipur,0,50.8457,0,0,0,4.601031744,20.821818256,0,0,0,0,0.466411894,0,0,0,8.328727302,6.458570804,0
Dungarpur,0,23.9502,0,0,0,2.167255648,9.807844352,0,0,0,0,0.219697204,0,0,0,3.923137741,3.042225055,0
Banswara,0,33.3355,0,0,0,3.016532248,13.651217752,0,0,0,0,0.305789353,0,0,0,5.460487101,4.234373546,0
Chittaurgarh,0,43.8706,0,0,0,3.969854348,17.965445652,0,0,0,0,0.402428713,0,0,0,7.186178261,5.572573026,0
Kota,0,27.1583,0,0,0,2.457556891,11.121593109,0,0,0,0,0.249125376,0,0,0,4.448637244,3.44972738,0
Baran,0,20.6353,0,0,0,1.867290063,8.450359937,0,0,0,0,0.189289347,0,0,0,3.380143975,2.621156678,0
Jhalawar,0,24.0151,0,0,0,2.173128454,9.834421546,0,0,0,0,0.220292537,0,0,0,3.933768618,3.050468844,0
Saharanpur,0,49.9782,0,0,0,4.522531595,20.466568405,0,0,0,0,0.458454243,0,0,0,8.186627362,6.348378395,0
Muzaffarnagar,0,65.9511,0,0,32.97555,0,0,0,0,0,0,0,19.78533,0,0,0,0,0
Bijnor,21.8783,21.8783,0,0,21.8783,0,0,0,0,0,0,0,13.12698,0,0,0,0,0
Moradabad,30.4462,30.4462,0,0,0,5.510158487,24.936041513,0,0,0,0,0.55857112,0,0,0,9.974416605,7.734732275,0
Rampur,12.458,12.458,0,0,0,2.254650972,10.203349028,0,0,0,0,0.228556569,0,0,0,4.081339611,3.16490382,0
Jyotiba Phule Nagar,0,19.57,0,0,9.785,0,0,0,0,0,0,0,5.871,0,0,0,0,0
Meerut,0,61.9758,0,0,0,5.608195446,25.379704554,0,0,0,0,0.56850924,0,0,0,10.151881822,7.872348939,0
Baghpat,0,19.2749,0,0,9.63745,0,0,0,0,0,0,0,5.78247,0,0,0,0,0
Ghaziabad,0,51.2572,0,0,0,4.638268414,20.990331586,0,0,0,0,0.470186618,0,0,0,8.396132634,6.510840748,0
Gautam Buddha Nagar,0,18.5297,0,0,0,1.676754139,7.588095861,0,0,0,0,0.169974501,0,0,0,3.035238345,2.353697155,0
Bulandshahar,0,51.4368,0,0,0,4.654520434,21.063879566,0,0,0,0,0.471834104,0,0,0,8.425551826,6.53365407,0
Aligarh,0,67.7796,0,27.167032543,6.722767457,0,0,0,0,0,0,0,0,0,0,0,20.33388,0
Hathras,0,27.4921,0,0,0,2.487762482,11.258287518,0,0,0,0,0.252187352,0,0,0,4.503315007,3.492127641,0
Mathura,0,35.4764,0,0,0,3.210262472,14.527937528,0,0,0,0,0.325428009,0,0,0,5.811175011,4.50631698,0
Agra,0,63.2743,0,0,0,5.725696822,25.911453178,0,0,0,0,0.58042049,0,0,0,10.364581271,8.037288239,0
Firozabad,0,28.3395,0,0,0,2.56444378,11.60530622,0,0,0,0,0.259960623,0,0,0,4.642122488,3.599766889,0
Etah,0,23.8796,0,0,0,2.160867048,9.778932952,0,0,0,0,0.219049585,0,0,0,3.911573181,3.033257234,0
Mainpuri,0,18.7107,0,0,0,1.693132844,7.662217156,0,0,0,0,0.171634829,0,0,0,3.064886862,2.376688309,0
Budaun,23.42775,23.42775,0,0,0,4.239958205,19.187791795,0,0,0,0,0.429809453,0,0,0,7.675116718,5.951723829,0
Bareilly,31.3586,31.3586,0,0,0,5.675284795,25.683315205,0,0,0,0,0.575310164,0,0,0,10.273326082,7.966523754,0
Pilibhit,15.2571,15.2571,0,0,0,2.761232569,12.495867431,0,0,0,0,0.27990933,0,0,0,4.998346972,3.876003698,0
Shahjahanpur,22.61795,22.61795,0,0,0,4.093400462,18.524549538,0,0,0,0,0.414952725,0,0,0,7.409819815,5.745997459,0
Kheri,27.1549,27.1549,0,0,27.1549,0,0,0,0,0,0,0,16.29294,0,0,0,0,0
Sitapur,34.1633,34.1633,0,0,34.1633,0,0,0,0,0,0,0,20.49798,0,0,0,0,0
Hardoi,25.5737,25.5737,0,0,25.5737,0,0,0,0,0,0,0,15.34422,0,0,0,0,0
Unnao,24.6148,24.6148,0,0,24.6148,0,0,0,0,0,0,0,14.76888,0,0,0,0,0
Lucknow,29.73305,29.73305,0,0,0,5.381092478,24.351957522,0,0,0,0,0.54548755,0,0,0,9.740783009,7.553559441,0
Rae Bareli,27.50335,27.50335,0,0,27.50335,0,0,0,0,0,0,0,16.50201,0,0,0,0,0
Farrukhabad,0,20.3709,0,0,0,1.843364484,8.342085516,0,0,0,0,0.186863984,0,0,0,3.336834206,2.58757181,0
Kannauj,0,21.4209,0,0,0,1.938379074,8.772070926,0,0,0,0,0.196495722,0,0,0,3.50882837,2.720945908,0
Etawah,0,20.7865,0,0,0,1.880972164,8.512277836,0,0,0,0,0.190676317,0,0,0,3.404911134,2.640362548,0
Auraiya,0,21.2749,0,0,0,1.925167522,8.712282478,0,0,0,0,0.195156452,0,0,0,3.484912991,2.702400557,0
Kanpur Dehat,0,29.8648,0,0,0,2.702468308,12.229931692,0,0,0,0,0.273952329,0,0,0,4.891972677,3.793514994,0
Kanpur Nagar,0,51.7255,0,0,25.86275,0,0,0,0,0,0,0,15.51765,0,0,0,0,0
Jalaun,0,26.8192,0,0,13.4096,0,0,0,0,0,0,0,8.04576,0,0,0,0,0
Jhansi,0,33.1664,0,0,16.5832,0,0,0,0,0,0,0,9.94992,0,0,0,0,0
Lalitpur,0,21.5956,0,0,10.7978,0,0,0,0,0,0,0,6.47868,0,0,0,0,0
Hamirpur,0,22.1556,0,0,0,2.00486214,9.07293786,0,0,0,0,0.203235187,0,0,0,3.629175144,2.814269669,0
Mahoba,0,15.0912,0,0,0,1.365603979,6.179996021,0,0,0,0,0.13843285,0,0,0,2.471998408,1.916928742,0
Banda,0,24.9192,0,0,12.4596,0,0,0,0,0,0,0,7.47576,0,0,0,0,0
Chitrakoot,0,11.3286,0,0,0,1.025125983,4.639174017,0,0,0,0,0.103918203,0,0,0,1.855669607,1.43899219,0
Fatehpur,0,47.7622,0,0,0,4.322005565,19.559094435,0,0,0,0,0.438126688,0,0,0,7.823637774,6.066895538,0
Pratapgarh,23.3264,23.3264,0,0,23.3264,0,0,0,0,0,0,0,13.99584,0,0,0,0,0
Kaushambi,12.7941,12.7941,0,0,0,2.315478408,10.478621592,0,0,0,0,0.234722716,0,0,0,4.191448637,3.250288647,0
Allahabad,43.3568,43.3568,0,0,43.3568,0,0,0,0,0,0,0,26.01408,0,0,0,0,0
Barabanki,24.75405,24.75405,0,0,24.75405,0,0,0,0,0,0,0,14.85243,0,0,0,0,0
Faizabad,12.844,12.844,0,0,12.844,0,0,0,0,0,0,0,7.7064,0,0,0,0,0
Ambedkar Nagar,15.0883,15.0883,0,0,15.0883,0,0,0,0,0,0,0,9.05298,0,0,0,0,0
Sultanpur,24.8217,24.8217,0,0,24.8217,0,0,0,0,0,0,0,14.89302,0,0,0,0,0
Bahraich,12.0808,12.0808,0,0,12.0808,0,0,0,0,0,0,0,7.24848,0,0,0,0,0
Shrawasti,4.2014,4.2014,0,0,4.2014,0,0,0,0,0,0,0,2.52084,0,0,0,0,0
Balrampur,11.8254,11.8254,0,0,11.8254,0,0,0,0,0,0,0,7.09524,0,0,0,0,0
Gonda,17.17405,17.17405,0,0,0,3.108162508,14.065887492,0,0,0,0,0.315078018,0,0,0,5.626354997,4.362996986,0
Siddharthnagar,13.749,13.749,0,0,13.749,0,0,0,0,0,0,0,8.2494,0,0,0,0,0
Basti,13.86865,13.86865,0,0,13.86865,0,0,0,0,0,0,0,8.32119,0,0,0,0,0
Sant Kabir Nagar,12.0375,12.0375,0,0,12.0375,0,0,0,0,0,0,0,7.2225,0,0,0,0,0
Mahrajganj,17.04805,17.04805,0,0,17.04805,0,0,0,0,0,0,0,10.22883,0,0,0,0,0
Gorakhpur,32.81285,32.81285,0,0,32.81285,0,0,0,0,0,0,0,19.68771,0,0,0,0,0
Kushinagar,21.5959,21.5959,0,0,21.5959,0,0,0,0,0,0,0,12.95754,0,0,0,0,0
Deoria,20.38385,20.38385,0,0,20.38385,0,0,0,0,0,0,0,12.23031,0,0,0,0,0
Azamgarh,26.3046,26.3046,0,0,26.3046,0,0,0,0,0,0,0,15.78276,0,0,0,0,0
Mau,14.53755,14.53755,0,0,14.53755,0,0,0,0,0,0,0,8.72253,0,0,0,0,0
Ballia,16.73935,16.73935,0,0,16.73935,0,0,0,0,0,0,0,10.04361,0,0,0,0,0
Jaunpur,32.30695,32.30695,0,0,32.30695,0,0,0,0,0,0,0,19.38417,0,0,0,0,0
Ghazipur,21.53935,21.53935,0,0,21.53935,0,0,0,0,0,0,0,12.92361,0,0,0,0,0
Chandauli,12.68875,12.68875,0,0,12.68875,0,0,0,0,0,0,0,7.61325,0,0,0,0,0
Varanasi,26.0593,26.0593,0,0,26.0593,0,0,0,0,0,0,0,15.63558,0,0,0,0,0
Sant Ravidas Nagar,9.6549,9.6549,0,0,9.6549,0,0,0,0,0,0,0,5.79294,0,0,0,0,0
Mirzapur,15.13415,15.13415,0,0,15.13415,0,0,0,0,0,0,0,9.08049,0,0,0,0,0
Sonbhadra,11.3459,11.3459,0,0,11.3459,0,0,0,0,0,0,0,6.80754,0,0,0,0,0
Kashiramnagar,0,18.2972,0,0,0,1.655715194,7.492884806,0,0,0,0,0.167841759,0,0,0,2.997153922,2.324164319,0
Pashchim Champaran,23.31845,23.31845,0,0,3.179319139,20.139130861,0,0,0,0,13.99107,0,0,0,0,0,0,0
Purba Champaran,46.34505,46.34505,0,0,0,8.387535081,37.957514919,0,0,0,0,0.850254104,0,0,0,15.183005968,11.773769929,0
Sheohar,5.7363,5.7363,0,0,0.782107232,4.954192768,0,0,0,0,3.44178,0,0,0,0,0,0,0
Sitamarhi,26.69285,26.69285,0,0,3.639396652,23.053453348,0,0,0,0,16.01571,0,0,0,0,0,0,0
Madhubani,33.40635,33.40635,0,0,0,6.045886941,27.360463059,0,0,0,0,0.612878531,0,0,0,10.944185224,8.486746245,0
Supaul,15.96835,15.96835,0,0,2.177180763,13.791169237,0,0,0,0,9.58101,0,0,0,0,0,0,0
Araria,20.1475,20.1475,0,0,0,3.646297998,16.501202002,0,0,0,0,0.369629433,0,0,0,6.600480801,5.118389766,0
Kishanganj,16.19675,16.19675,0,0,0,2.931290587,13.265459413,0,0,0,0,0.297148307,0,0,0,5.306183765,4.114717928,0
Purnia,26.37025,26.37025,0,0,3.595412239,22.774837761,0,0,0,0,15.82215,0,0,0,0,0,0,0
Katihar,23.9361,23.9361,0,0,0,4.331959475,19.604140525,0,0,0,0,0.439135728,0,0,0,7.84165621,6.080868062,0
Madhepura,18.41955,18.41955,0,0,2.511385956,15.908164044,0,0,0,0,11.05173,0,0,0,0,0,0,0
Saharsa,15.5902,15.5902,0,0,15.5902,0,0,0,0,0,0,0,9.35412,0,0,0,0,0
Darbhanga,26.51445,26.51445,0,0,3.615072972,22.899377028,0,0,0,0,15.90867,0,0,0,0,0,0,0
Muzaffarpur,35.8872,35.8872,0,0,4.892986532,30.994213468,0,0,0,0,21.53232,0,0,0,0,0,0,0
Gopalganj,22.3476,22.3476,0,0,22.3476,0,0,0,0,0,0,0,13.40856,0,0,0,0,0
Siwan,27.04755,27.04755,0,0,3.687757693,23.359792307,0,0,0,0,16.22853,0,0,0,0,0,0,0
Saran,26.01865,26.01865,0,0,26.01865,0,0,0,0,0,0,0,15.61119,0,0,0,0,0
Vaishali,21.75285,21.75285,0,0,21.75285,0,0,0,0,0,0,0,13.05171,0,0,0,0,0
Samastipur,29.99305,29.99305,0,0,4.089357478,25.903692522,0,0,0,0,17.99583,0,0,0,0,0,0,0
Begusarai,23.1498,23.1498,0,0,0,4.189654766,18.960145234,0,0,0,0,0.424710135,0,0,0,7.584058094,5.881111771,0
Khagaria,14.4902,14.4902,0,0,1.975644615,12.514555385,0,0,0,0,8.69412,0,0,0,0,0,0,0
Bhagalpur,23.1187,23.1187,0,0,23.1187,0,0,0,0,0,0,0,13.87122,0,0,0,0,0
Banka,17.514,17.514,0,0,17.514,0,0,0,0,0,0,0,10.5084,0,0,0,0,0
Munger,14.00465,14.00465,0,0,14.00465,0,0,0,0,0,0,0,8.40279,0,0,0,0,0
Lakhisarai,8.747,8.747,0,0,8.747,0,0,0,0,0,0,0,5.2482,0,0,0,0,0
Sheikhpura,4.97,4.97,0,0,4.97,0,0,0,0,0,0,0,2.982,0,0,0,0,0
Nalanda,14.28165,14.28165,0,0,1.947210178,12.334439822,0,0,0,0,8.56899,0,0,0,0,0,0,0
Patna,23.28355,23.28355,0,0,23.28355,0,0,0,0,0,0,0,13.97013,0,0,0,0,0
Bhojpur,18.04875,18.04875,0,0,18.04875,0,0,0,0,0,0,0,10.82925,0,0,0,0,0
Buxar,9.88985,9.88985,0,0,1.348416785,8.541433215,0,0,0,0,5.93391,0,0,0,0,0,0,0
Kaimur (Bhabua),9.32145,9.32145,0,0,9.32145,0,0,0,0,0,0,0,5.59287,0,0,0,0,0
Rohtas,19.6195,19.6195,0,0,19.6195,0,0,0,0,0,0,0,11.7717,0,0,0,0,0
Jehanabad,8.24265,8.24265,0,0,1.123831768,7.118818232,0,0,0,0,4.94559,0,0,0,0,0,0,0
Aurangabad,17.55685,17.55685,0,0,2.393762416,15.163087584,0,0,0,0,10.53411,0,0,0,0,0,0,0
Gaya,32.0784,32.0784,0,0,4.373681401,27.704718599,0,0,0,0,19.24704,0,0,0,0,0,0,0
Nawada,14.191,14.191,0,0,1.93485064,12.25614936,0,0,0,0,8.5146,0,0,0,0,0,0,0
Jamui,15.1754,15.1754,0,0,15.1754,0,0,0,0,0,0,0,9.10524,0,0,0,0,0
Arwal,5.34115,5.34115,0,0,0,0,0,5.34115,3.20469,0,0,0,0,0,0,0,0,0
North Sikkim,0.7202,0,0,0,0.049097295,0.311002705,0,0,0,0,0.21606,0,0,0,0,0,0,0
West Sikkim,2.6804,0,0,0,0.182727562,1.157472438,0,0,0,0,0.80412,0,0,0,0,0,0,0
South Sikkim,2.7179,0,0,0,0.185284002,1.173665998,0,0,0,0,0.81537,0,0,0,0,0,0,0
East Sikkim,4.2884,0,0,0,0,0.388057683,1.756142317,0,0,0,0,0.039337855,0,0,0,0.702456927,0.544725218,0
Tawang,0.9856,0,0,0,0.067190078,0.425609922,0,0,0,0,0.29568,0,0,0,0,0,0,0
West Kameng,1.3066,0,0,0,0.6533,0,0,0,0,0,0,0,0.39198,0,0,0,0,0
East  Kameng,0.9847,0,0,0,0.067128723,0.425221277,0,0,0,0,0.29541,0,0,0,0,0,0,0
Papum Pare,1.5396,0,0,0,0.104957228,0.664842772,0,0,0,0,0.46188,0,0,0,0,0,0,0
Lower Subansiri,0.6663,0,0,0,0.045422838,0.287727162,0,0,0,0,0.19989,0,0,0,0,0,0,0
Upper Subansiri,1.1895,0,0,0,0.59475,0,0,0,0,0,0,0,0.35685,0,0,0,0,0
West Siang,2.0456,0,0,0,0,0.185106519,0.837693481,0,0,0,0,0.018764461,0,0,0,0.335077392,0.259838146,0
East Siang,1.5703,0,0,0,0.78515,0,0,0,0,0,0,0,0.47109,0,0,0,0,0
Upper Siang,0.447,0,0,0,0.030472773,0.193027227,0,0,0,0,0.1341,0,0,0,0,0,0,0
Dibang Valley,0.078,0,0,0,0.005317397,0.033682603,0,0,0,0,0.0234,0,0,0,0,0,0,0
Lohit,2.5344,0,0,0,0.172774486,1.094425514,0,0,0,0,0.76032,0,0,0,0,0,0,0
Changlang,1.4495,0,0,0,0.098814953,0.625935047,0,0,0,0,0.43485,0,0,0,0,0,0,0
Tirap,1.5462,0,0,0,0,0,0,0.7731,0.46386,0,0,0,0,0,0,0,0,0
Anjaw,0.3559,0,0,0,0.024262326,0.153687674,0,0,0,0,0.10677,0,0,0,0,0,0,0
Kurungkumey,0.785,0,0,0,0.053514825,0.338985175,0,0,0,0,0.2355,0,0,0,0,0,0,0
Lower Dibang Valley,0.5474,0,0,0,0.037317217,0.236382783,0,0,0,0,0.16422,0,0,0,0,0,0,0
Mon,0.6284,0,0,0,0.042839128,0.271360872,0,0,0,0,0.18852,0,0,0,0,0,0,0
Tuensang,0.5341,0,0,0,0.036410532,0.230639468,0,0,0,0,0.16023,0,0,0,0,0,0,0
Mokokchung,1.9449,0,0,0,0.132587239,0.839862761,0,0,0,0,0.58347,0,0,0,0,0,0,0
Zunheboto,0.3404,0,0,0,0.023205664,0.146994336,0,0,0,0,0.10212,0,0,0,0,0,0,0
Wokha,0.9197,0,0,0,0.062697559,0.397152441,0,0,0,0,0.27591,0,0,0,0,0,0,0
Dimapur,1.4817,0,0,0,0.101010084,0.639839916,0,0,0,0,0.44451,0,0,0,0,0,0,0
Kohima,0.9521,0,0,0,0.064906324,0.411143676,0,0,0,0,0.28563,0,0,0,0,0,0,0
Phek,0.9285,0,0,0,0.063297471,0.400952529,0,0,0,0,0.27855,0,0,0,0,0,0,0
Kiphire,0.0976,0,0,0,0.006653563,0.042146437,0,0,0,0,0.02928,0,0,0,0,0,0,0
Longleng,0.8141,0,0,0,0.055498623,0.351551377,0,0,0,0,0.24423,0,0,0,0,0,0,0
Peren,0.5971,0,0,0,0.040705353,0.257844647,0,0,0,0,0.17913,0,0,0,0,0,0,0
Senapati,1.2189,0,0,0,0,0.110298365,0.499151635,0,0,0,0,0.011181072,0,0,0,0.199660654,0.154828274,0
Tamenglong,0.4695,0,0,0,0.23475,0,0,0,0,0,0,0,0.14085,0,0,0,0,0
Churachandpur,2.9935,0,0,0,0.204072137,1.292677863,0,0,0,0,0.89805,0,0,0,0,0,0,0
Bishnupur,3.448,0,0,0,0,0.312009815,1.411990185,0,0,0,0,0.031628795,0,0,0,0.564796074,0.437975131,0
Thoubal,4.4651,0,0,0,0,0.404047281,1.828502719,0,0,0,0,0.040958739,0,0,0,0.731401088,0.567170174,0
Imphal West,3.8228,0,0,0,0,0.345925499,1.565474501,0,0,0,0,0.035066867,0,0,0,0.6261898,0.485583333,0
Imphal East,6.1897,0,0,0,0,0.560106483,2.534743517,0,0,0,0,0.05677864,0,0,0,1.013897407,0.786233953,0
Ukhrul,0.8934,0,0,0,0.4467,0,0,0,0,0,0,0,0.26802,0,0,0,0,0
Chandel,0.6593,0,0,0,0.044945635,0.284704365,0,0,0,0,0.19779,0,0,0,0,0,0,0
Mamit,1.8038,0,0,0,0.122968205,0.778931795,0,0,0,0,0.54114,0,0,0,0,0,0,0
Kolasib,0.69075,0.69075,0,0,0.094179274,0.596570726,0,0,0,0,0.41445,0,0,0,0,0,0,0
Aizawl,6.3467,0,0,0,3.17335,0,0,0,0,0,0,0,1.90401,0,0,0,0,0
Champhai,2.0826,0,0,0,0.141974489,0.899325511,0,0,0,0,0.62478,0,0,0,0,0,0,0
Serchhip,1.366,0,0,0,0.093122612,0.589877388,0,0,0,0,0.4098,0,0,0,0,0,0,0
Lunglei,3.2328,0,0,0,1.6164,0,0,0,0,0,0,0,0.96984,0,0,0,0,0
Lawngtlai,1.9094,0,0,0,0.130167142,0.824532858,0,0,0,0,0.57282,0,0,0,0,0,0,0
Saiha,1.3722,0,0,0,0.093545277,0.592554723,0,0,0,0,0.41166,0,0,0,0,0,0,0
West Tripura,38.0614,0,0,0,0,3.444179343,15.586520657,0,0,0,0,0.349140432,0,0,0,6.234608263,4.834671305,0
South Tripura,19.589,0,0,0,1.335416432,8.459083568,0,0,0,0,5.8767,0,0,0,0,0,0,0
Dhalai,7.9854,0,0,0,0.544378701,3.448321299,0,0,0,0,2.39562,0,0,0,0,0,0,0
North Tripura,16.705,0,0,0,1.138809102,7.213690898,0,0,0,0,5.0115,0,0,0,0,0,0,0
West Garo Hills,8.4101,0,0,0,0.573331244,3.631718756,0,0,0,0,2.52303,0,0,0,0,0,0,0
East Garo Hills,3.4411,0,0,0,1.72055,0,0,0,0,0,0,0,1.03233,0,0,0,0,0
South Garo Hills,1.7397,0,0,0,0.118598395,0.751251605,0,0,0,0,0.52191,0,0,0,0,0,0,0
West Khasi Hills,4.929,0,0,0,0,0.446025632,2.018474368,0,0,0,0,0.045214133,0,0,0,0.807389747,0.62609612,0
Ri Bhoi,3.2101,0,0,0,0,0.290482224,1.314567776,0,0,0,0,0.029446518,0,0,0,0.525827111,0.407756371,0
East Khasi Hills,10.3265,0,0,0,0.703975588,4.459274412,0,0,0,0,3.09795,0,0,0,0,0,0,0
Jaintia Hills,5.138,0,0,0,0,0.46493806,2.10406194,0,0,0,0,0.047131307,0,0,0,0.841624776,0.652643917,0
Kokrajhar,15.6501,0,0,0,1.066894722,6.758155278,0,0,0,0,4.69503,0,0,0,0,0,0,0
Dhubri,30.0022,0,0,0,2.045302511,12.955797489,0,0,0,0,9.00066,0,0,0,0,0,0,0
Goalpara,17.3941,0,0,0,1.185786256,7.511263744,0,0,0,0,5.21823,0,0,0,0,0,0,0
Bongaigaon,8.4557,0,0,0,0.576439876,3.651410124,0,0,0,0,2.53671,0,0,0,0,0,0,0
Barpeta,28.505,0,0,0,1.943235765,12.309264235,0,0,0,0,8.5515,0,0,0,0,0,0,0
Kamrup,27.8513,0,0,0,1.898671891,12.026978109,0,0,0,0,8.35539,0,0,0,0,0,0,0
Nalbari,10.1128,0,0,0,0.689407284,4.366992716,0,0,0,0,3.03384,0,0,0,0,0,0,0
Darrang,12.2505,0,0,0,0,1.108548793,5.016701207,0,0,0,0,0.11237487,0,0,0,2.006680483,1.556094648,0
Marigaon,13.4725,0,0,0,0,1.219127678,5.517122322,0,0,0,0,0.123584379,0,0,0,2.206848929,1.711316693,0
Nagaon,36.3515,0,0,0,2.47814541,15.69760459,0,0,0,0,10.90545,0,0,0,0,0,0,0
Sonitpur,24.7576,0,0,0,1.687768945,10.691031055,0,0,0,0,7.42728,0,0,0,0,0,0,0
Lakhimpur,16.1461,0,0,0,1.10070791,6.97234209,0,0,0,0,4.84383,0,0,0,0,0,0,0
Dhemaji,10.3509,0,0,0,0.705638978,4.469811022,0,0,0,0,3.10527,0,0,0,0,0,0,0
Tinsukia,11.1408,0,0,0,0.759487845,4.810912155,0,0,0,0,3.34224,0,0,0,0,0,0,0
Dibrugarh,10.6791,0,0,0,0.728012947,4.611537053,0,0,0,0,3.20373,0,0,0,0,0,0,0
Sibsagar,19.7194,0,0,0,1.344306029,8.515393971,0,0,0,0,5.91582,0,0,0,0,0,0,0
Jorhat,15.3921,0,0,0,0,1.392832446,6.303217554,0,0,0,0,0.141193031,0,0,0,2.521287022,1.955149947,0
Golaghat,19.8689,0,0,0,0,1.797938461,8.136511539,0,0,0,0,0.182259095,0,0,0,3.254604615,2.523806289,0
Karbi Anglong,16.7735,0,0,0,1.143478867,7.243271133,0,0,0,0,5.03205,0,0,0,0,0,0,0
North Cachar Hills,3.7313,0,0,0,0.254369255,1.611280745,0,0,0,0,1.11939,0,0,0,0,0,0,0
Cachar,31.1613,0,0,0,2.124320387,13.456329613,0,0,0,0,9.34839,0,0,0,0,0,0,0
Karimganj,22.9987,0,0,0,1.567861652,9.931488348,0,0,0,0,6.89961,0,0,0,0,0,0,0
Hailakandi,9.3585,0,0,0,0.637985333,4.041264667,0,0,0,0,2.80755,0,0,0,0,0,0,0
Chirag,8.3053,0,0,0,0.566186844,3.586463156,0,0,0,0,2.49159,0,0,0,0,0,0,0
Baksa,6.3086,0,0,0,0.430068309,2.724231691,0,0,0,0,1.89258,0,0,0,0,0,0,0
Guwahati,11.6467,0,0,0,0.793975933,5.029374067,0,0,0,0,3.49401,0,0,0,0,0,0,0
Udalguri,12.6686,0,0,0,0.863640646,5.470659354,0,0,0,0,3.80058,0,0,0,0,0,0,0
Darjiling,37.4535,0,0,0,0,3.38917042,15.33757958,0,0,0,0,0.343564114,0,0,0,6.135031832,4.757454054,0
Jalpaiguri,70.4866,0,0,0,0,6.378338466,28.864961534,0,0,0,0,0.646579526,0,0,0,11.545984614,8.953415861,0
Koch,61.3403,0,0,0,0,5.550688996,25.119461004,0,0,0,0,0.562679745,0,0,0,10.047784401,7.791625854,0
Uttar Dinajpur,55.0184,0,0,0,0,4.978619724,22.530580276,0,0,0,0,0.504688423,0,0,0,9.01223211,6.988599467,0
Dakshin Dinajpur,37.4375,0,0,0,0,3.387722579,15.331027421,0,0,0,0,0.343417345,0,0,0,6.132410968,4.755421687,0
Maldah,83.5232,0,0,0,0,7.558021516,34.203578484,0,0,0,0,0.766165357,0,0,0,13.681431394,10.609363249,0
Murshidabad,152.5335,0,0,0,0,13.802769468,62.463980532,0,0,0,0,1.399202658,0,0,0,24.985592213,19.375255129,0
Birbhum,74.9356,0,0,0,0,6.780928857,30.686871143,0,0,0,0,0.687390578,0,0,0,12.274748457,9.518540965,0
Barddhaman,148.9219,0,0,0,0,13.475955475,60.984994525,0,0,0,0,1.366073147,0,0,0,24.39399781,18.916499043,0
Nadia,117.7719,0,0,0,0,10.65718931,48.22876069,0,0,0,0,1.08033157,0,0,0,19.291504276,14.959734154,0
North Twenty Four Parganas,230.0197,0,0,0,15.680845735,99.329004265,0,0,0,0,69.00591,0,0,0,0,0,0,0
Hugli,121.844,0,0,0,0,11.025673987,49.896326013,0,0,0,0,1.117685287,0,0,0,19.958530405,15.476984308,0
Bankura,77.1869,0,0,0,0,6.984649186,31.608800814,0,0,0,0,0.708041943,0,0,0,12.643520325,9.804507732,0
Puruliya,49.7137,0,0,0,0,4.498596967,20.358253033,0,0,0,0,0.456027962,0,0,0,8.143301213,6.314780825,0
Pashim,120.0494,0,0,0,60.0247,0,0,0,0,0,0,0,36.01482,0,0,0,0,0
Howrah,54.15435,54.15435,0,0,0,9.800863532,44.353486468,0,0,0,0,0.993524839,0,0,0,17.741394587,13.757690574,0
Kolkata,106.0914,0,0,0,0,9.600219865,43.445480135,0,0,0,0,0.973185359,0,0,0,17.378192054,13.476042587,0
South Twenty Four Parganas,178.021,0,0,0,12.136003301,76.874496699,0,0,0,0,53.4063,0,0,0,0,0,0,0
Purba Midanapur,119.7064,0,0,0,0,10.83224238,49.02095762,0,0,0,0,1.098076902,0,0,0,19.608383048,15.20546005,0
Garhwa,9.7298,0,0,0,4.8649,0,0,0,0,0,0,0,2.91894,0,0,0,0,0
Palamu,10.7935,0,0,0,5.39675,0,0,0,0,0,0,0,3.23805,0,0,0,0,0
Chatra,3.51555,3.51555,0,0,0,0.636244841,2.879305159,0,0,0,0,0.064496873,0,0,0,1.151722064,0.893111063,0
Hazaribagh,13.7969,13.7969,0,0,0,2.496965323,11.299934677,0,0,0,0,0.253120254,0,0,0,4.519973871,3.505045875,0
Kodarma,3.1573,3.1573,0,0,0,0.571408694,2.585891306,0,0,0,0,0.057924358,0,0,0,1.034356522,0.802099119,0
Giridih,14.54155,14.54155,0,0,0,2.631732208,11.909817792,0,0,0,0,0.266781729,0,0,0,4.763927117,3.694221154,0
Deoghar,6.4514,6.4514,0,0,0.87960647,5.57179353,0,0,0,0,3.87084,0,0,0,0,0,0,0
Godda,19.5083,0,0,0,0,1.765307736,7.988842264,0,0,0,0,0.178951281,0,0,0,3.195536905,2.478001814,0
Sahibganj,4.9499,0,0,0,0,0.447916875,2.027033125,0,0,0,0,0.04540585,0,0,0,0.81081325,0.6287509,0
Pakaur,5.4897,5.4897,0,0,0.748484924,4.741215076,0,0,0,0,3.29382,0,0,0,0,0,0,0
Dumka,9.89715,9.89715,0,0,1.349412093,8.547737907,0,0,0,0,5.93829,0,0,0,0,0,0,0
Dhanbad,7.84355,7.84355,0,0,0,1.419527021,6.424022979,0,0,0,0,0.143899091,0,0,0,2.569609191,1.992621717,0
Bokaro,8.59475,8.59475,0,0,0,1.555479326,7.039270674,0,0,0,0,0.157680733,0,0,0,2.81570827,2.183460997,0
Ranchi,13.3376,13.3376,0,0,0,2.413841131,10.923758869,0,0,0,0,0.244693859,0,0,0,4.369503548,3.388362593,0
Lohardaga,5.5864,0,0,0,2.7932,0,0,0,0,0,0,0,1.67592,0,0,0,0,0
Gumla,9.2253,0,0,0,0,0.834798186,3.777851814,0,0,0,0,0.084624455,0,0,0,1.511140725,1.17182482,0
Pashchimi Singhbum,17.2374,0,0,0,0,1.559813801,7.058886199,0,0,0,0,0.158120124,0,0,0,2.82355448,2.189545397,0
Purbi Singhbum,7.704,7.704,0,0,0,1.394271239,6.309728761,0,0,0,0,0.141338883,0,0,0,2.523891505,1.957169612,0
Latehar,3.691,3.691,0,0,3.691,0,0,0,0,0,0,0,2.2146,0,0,0,0,0
Simdega,5.2566,0,0,0,2.6283,0,0,0,0,0,0,0,1.57698,0,0,0,0,0
Jamtara,6.36665,6.36665,0,0,0,1.152237407,5.214412593,0,0,0,0,0.116803635,0,0,0,2.085765037,1.617421328,0
Seraikela-kharsawan,11.4283,0,0,0,0,1.034147845,4.680002155,0,0,0,0,0.10483276,0,0,0,1.872000862,1.451656378,0
Bargarh,25.4276,0,0,0,1.733444018,10.980355982,0,0,0,0,7.62828,0,0,0,0,0,0,0
Jharsuguda,7.8437,0,0,0,0,0.709777084,3.212072916,0,0,0,0,0.071950922,0,0,0,1.284829166,0.996329912,0
Sambalpur,14.2855,0,0,0,0,1.292696118,5.850053882,0,0,0,0,0.131042096,0,0,0,2.340021553,1.814586351,0
Debagarh,4.7698,0,0,0,0,0.43161961,1.95328039,0,0,0,0,0.043753778,0,0,0,0.781312156,0.605874066,0
Sundargarh,28.8154,0,0,0,0,2.607508012,11.800191988,0,0,0,0,0.264326094,0,0,0,4.720076795,3.660217111,0
Kendujhar,24.8128,0,0,0,0,2.245312395,10.161087605,0,0,0,0,0.227609907,0,0,0,4.064435042,3.151795051,0
Mayurbhanj,35.7146,0,0,0,0,3.23181721,14.62548279,0,0,0,0,0.327613038,0,0,0,5.850193116,4.536573847,0
Baleshwar,42.6827,0,0,0,0,3.862361176,17.478988824,0,0,0,0,0.391532006,0,0,0,6.99159553,5.421682464,0
Bhadrak,16.818,0,0,0,0,1.521862259,6.887137741,0,0,0,0,0.154272932,0,0,0,2.754855096,2.136271971,0
Kendrapara,25.3718,0,0,0,1.729640034,10.956259966,0,0,0,0,7.61154,0,0,0,0,0,0,0
Jagatsinghapur,17.5376,0,0,0,1.195568902,7.573231098,0,0,0,0,5.26128,0,0,0,0,0,0,0
Cuttack,35.3159,0,0,0,0,3.195738813,14.462211187,0,0,0,0,0.323955729,0,0,0,5.784884475,4.485929796,0
Jajapur,26.1008,0,0,0,1.779337241,11.271062759,0,0,0,0,7.83024,0,0,0,0,0,0,0
Dhenkanal,18.1554,0,0,0,9.0777,0,0,0,0,0,0,0,5.44662,0,0,0,0,0
Anugul,12.3017,0,0,0,0.83862843,5.31222157,0,0,0,0,3.69051,0,0,0,0,0,0,0
Nayagarh,15.1813,0,0,0,0,1.373757136,6.216892864,0,0,0,0,0.139259345,0,0,0,2.486757146,1.928373509,0
Khordha,25.8098,0,0,0,0,2.335531011,10.569368989,0,0,0,0,0.236755472,0,0,0,4.227747596,3.278436932,0
Puri,28.5121,0,0,0,0,2.580062369,11.675987631,0,0,0,0,0.261543898,0,0,0,4.670395052,3.62169105,0
Ganjam,39.6543,0,0,0,2.703303069,17.123846931,0,0,0,0,11.89629,0,0,0,0,0,0,0
Gajapati,8.8755,0,0,0,0,0.803144755,3.634605245,0,0,0,0,0.08141571,0,0,0,1.453842098,1.127392192,0
Kandhamal,12.9562,0,0,0,0,1.172407647,5.305692353,0,0,0,0,0.118848315,0,0,0,2.122276941,1.645734744,0
Baudh,6.784,0,0,0,0.462477159,2.929522841,0,0,0,0,2.0352,0,0,0,0,0,0,0
Sonapur,10.8892,0,0,0,0,0.98536464,4.45923536,0,0,0,0,0.09988755,0,0,0,1.783694144,1.383178306,0
Balangir,27.4744,0,0,0,0,2.486160807,11.251039193,0,0,0,0,0.252024988,0,0,0,4.500415677,3.489879335,0
Nuapada,7.421,0,0,0,3.7105,0,0,0,0,0,0,0,2.2263,0,0,0,0,0
Kalahandi,23.3872,0,0,0,11.6936,0,0,0,0,0,0,0,7.01616,0,0,0,0,0
Rayagada,10.8097,0,0,0,0,0.978170678,4.426679322,0,0,0,0,0.09915829,0,0,0,1.770671729,1.373079982,0
Nabarangapur,16.8168,0,0,0,8.4084,0,0,0,0,0,0,0,5.04504,0,0,0,0,0
Koraput,20.793,0,0,0,0,1.881560349,8.514939651,0,0,0,0,0.190735942,0,0,0,3.40597586,2.641188197,0
Malkangiri,9.5124,0,0,0,4.7562,0,0,0,0,0,0,0,2.85372,0,0,0,0,0
Koriya,11.7865,0,0,0,0,1.066561394,4.826688606,0,0,0,0,0.108118558,0,0,0,1.930675443,1.497155999,0
Surguja,39.4193,0,0,0,0,3.56705583,16.14259417,0,0,0,0,0.361596563,0,0,0,6.457037668,5.007155769,0
Jashpur,16.2291,0,0,0,8.11455,0,0,0,0,0,0,0,4.86873,0,0,0,0,0
Raigarh,22.9646,0,0,0,11.4823,0,0,0,0,0,0,0,6.88938,0,0,0,0,0
Korba,21.5396,0,0,0,10.7698,0,0,0,0,0,0,0,6.46188,0,0,0,0,0
Janjgir,20.1191,0,0,0,10.05955,0,0,0,0,0,0,0,6.03573,0,0,0,0,0
Bilaspur,31.1081,0,0,0,15.55405,0,0,0,0,0,0,0,9.33243,0,0,0,0,0
Kawardha,9.9502,0,0,0,4.9751,0,0,0,0,0,0,0,2.98506,0,0,0,0,0
Rajnandgaon,27.9274,0,0,0,13.9637,0,0,0,0,0,0,0,8.37822,0,0,0,0,0
Durg,45.2426,0,0,0,22.6213,0,0,0,0,0,0,0,13.57278,0,0,0,0,0
Raipur,56.8808,0,0,0,28.4404,0,0,0,0,0,0,0,17.06424,0,0,0,0,0
Mahasamund,18.3788,0,0,0,9.1894,0,0,0,0,0,0,0,5.51364,0,0,0,0,0
Dhamtari,12.1846,0,0,0,6.0923,0,0,0,0,0,0,0,3.65538,0,0,0,0,0
Kanker,12.0773,0,0,0,6.03865,0,0,0,0,0,0,0,3.62319,0,0,0,0,0
Bastar,21.2225,0,0,0,10.61125,0,0,0,0,0,0,0,6.36675,0,0,0,0,0
Dantewada*,5.43115,5.43115,0,0,5.43115,0,0,0,0,0,0,0,3.25869,0,0,0,0,0
Narayanpur,1.6513,0,0,0,0.82565,0,0,0,0,0,0,0,0.49539,0,0,0,0,0
Bijapur,0.0822,0.0822,0,0,0,0.01487657,0.06732343,0,0,0,0,0.001508055,0,0,0,0.026929372,0.020882573,0
Sheopur,0,13.0399,0,0,0,1.179981667,5.339968333,0,0,0,0,0.119616102,0,0,0,2.135987333,1.656366564,0
Morena,0,25.7955,0,0,0,2.334237002,10.563512998,0,0,0,0,0.236624297,0,0,0,4.225405199,3.276620504,0
Bhind,0,26.0878,0,0,0,2.360687255,10.683212745,0,0,0,0,0.239305589,0,0,0,4.273285098,3.313749312,0
Gwalior,0,23.733,0,0,0,2.147601201,9.718898799,0,0,0,0,0.21770481,0,0,0,3.88755952,3.01463567,0
Datia,0,13.8567,0,0,0,1.253893969,5.674456031,0,0,0,0,0.127108678,0,0,0,2.269782412,1.76011891,0
Shivpuri,0,27.9817,0,0,0,2.532066428,11.458783572,0,0,0,0,0.256678494,0,0,0,4.583513429,3.554318077,0
Guna,0,17.3795,0,0,0,1.572672442,7.117077558,0,0,0,0,0.159423619,0,0,0,2.846831023,2.207595358,0
Tikamgarh,0,24.0686,0,0,0,2.177969674,9.856330326,0,0,0,0,0.220783297,0,0,0,3.942532131,3.057264572,0
Chhatarpur,0,30.5327,0,0,0,2.762906636,12.503443364,0,0,0,0,0.280079032,0,0,0,5.001377346,3.878353622,0
Panna,7.5123,7.5123,0,0,0,1.35957734,6.15272266,0,0,0,0,0.137821923,0,0,0,2.461089064,1.908469013,0
Sagar,0,32.0387,0,0,16.01935,0,0,0,0,0,0,0,9.61161,0,0,0,0,0
Damoh,0,14.5985,0,0,0,1.321019514,5.978230486,0,0,0,0,0.133913272,0,0,0,2.391292194,1.854344534,0
Satna,15.84525,15.84525,0,0,15.84525,0,0,0,0,0,0,0,9.50715,0,0,0,0,0
Rewa,17.523,17.523,0,0,17.523,0,0,0,0,0,0,0,10.5138,0,0,0,0,0
Umaria,4.96845,4.96845,0,0,0,0.899190931,4.069259069,0,0,0,0,0.091152022,0,0,0,1.627703627,1.262214351,0
Shahdol,8.47235,8.47235,0,0,8.47235,0,0,0,0,0,0,0,5.08341,0,0,0,0,0
Sidhi,13.50705,13.50705,0,0,13.50705,0,0,0,0,0,0,0,8.10423,0,0,0,0,0
Neemuch,0,13.4335,0,0,0,1.215598565,5.501151435,0,0,0,0,0.123226628,0,0,0,2.200460574,1.706362798,0
Mandsaur,0,16.0021,0,0,0,1.448031398,6.553018602,0,0,0,0,0.146788613,0,0,0,2.621207441,2.032633947,0
Ratlam,0,20.8753,0,0,0,1.889007683,8.548642317,0,0,0,0,0.191490887,0,0,0,3.419456927,2.651642186,0
Ujjain,0,29.3311,0,0,0,2.654173749,12.011376251,0,0,0,0,0.269056654,0,0,0,4.8045505,3.725722846,0
Shajapur,0,26.7907,0,0,0,2.424292736,10.971057264,0,0,0,0,0.24575335,0,0,0,4.388422906,3.403033744,0
Dewas,0,19.9743,0,0,0,1.807476116,8.179673884,0,0,0,0,0.183225938,0,0,0,3.271869553,2.537194508,0
Jhabua,0,19.7961,0,0,0,1.791350783,8.106699217,0,0,0,0,0.181591295,0,0,0,3.242679687,2.514559019,0
Dhar,0,34.2191,0,13.715504419,3.394045581,0,0,0,0,0,0,0,0,0,0,0,10.26573,0
Indore,0,32.584,0,0,0,2.948528948,13.343471052,0,0,0,0,0.29889578,0,0,0,5.337388421,4.1389158,0
West Nimar,0,30.3886,0,0,0,2.749867015,12.444432985,0,0,0,0,0.27875719,0,0,0,4.977773194,3.860049615,0
Barwani,0,22.6334,0,9.071790249,2.244909751,0,0,0,0,0,0,0,0,0,0,0,6.79002,0
East Nimar,0,21.4605,0,8.601675163,2.128574837,0,0,0,0,0,0,0,0,0,0,0,6.43815,0
Rajgarh,0,33.0242,0,0,0,2.988362684,13.523737316,0,0,0,0,0.302933771,0,0,0,5.409494926,4.194831302,0
Vidisha,0,18.7587,0,0,0,1.697476368,7.681873632,0,0,0,0,0.172075137,0,0,0,3.072749453,2.38278541,0
Bhopal,0,23.9672,0,0,0,2.168793979,9.814806021,0,0,0,0,0.219853147,0,0,0,3.925922408,3.044384445,0
Sehore,0,15.8711,0,0,0,1.436177197,6.499372803,0,0,0,0,0.145586939,0,0,0,2.599749121,2.01599394,0
Raisen,0,24.5263,0,0,12.26315,0,0,0,0,0,0,0,7.35789,0,0,0,0,0
Betul,0,31.3027,0,0,2.133959873,13.517390127,0,0,0,0,9.39081,0,0,0,0,0,0,0
Harda,0,8.3549,0,0,0,0.756035616,3.421414384,0,0,0,0,0.076640202,0,0,0,1.368565754,1.061264044,0
Hoshangabad,0,18.9056,0,0,0,1.710769362,7.742030638,0,0,0,0,0.173422663,0,0,0,3.096812255,2.401445082,0
Katni,12.08655,12.08655,0,0,12.08655,0,0,0,0,0,0,0,7.25193,0,0,0,0,0
Jabalpur,16.09,16.09,0,0,0,2.911970954,13.178029046,0,0,0,0,0.295189854,0,0,0,5.271211618,4.087598528,0
Narsimhapur,0,15.1287,0,0,0,1.368997358,6.195352642,0,0,0,0,0.138776841,0,0,0,2.478141057,1.921692102,0
Dindori,6.7073,6.7073,0,0,0.914496772,5.792803228,0,0,0,0,4.02438,0,0,0,0,0,0,0
Mandla,9.02415,9.02415,0,0,0,1.633192212,7.390957788,0,0,0,0,0.165558578,0,0,0,2.956383115,2.292548307,0
Chhindwara,0,37.2107,0,0,18.60535,0,0,0,0,0,0,0,11.16321,0,0,0,0,0
Seoni,13.97095,13.97095,0,0,13.97095,0,0,0,0,0,0,0,8.38257,0,0,0,0,0
Balaghat,29.9452,0,0,0,0,2.709743711,12.262856289,0,0,0,0,0.274689845,0,0,0,4.905142516,3.803727639,0
Ashoknagar,0,16.4988,0,0,0,1.492977824,6.756422176,0,0,0,0,0.151344884,0,0,0,2.70256887,2.095726246,0
Anuppur,6.9005,6.9005,0,0,0,1.248853671,5.651646329,0,0,0,0,0.126597737,0,0,0,2.260658532,1.753043732,0
Burhanpur,0,13.3181,0,0,0,1.205156009,5.453893991,0,0,0,0,0.122168054,0,0,0,2.181557597,1.691704349,0
Alirajpur,0,10.5711,0,4.237047987,1.048502013,0,0,0,0,0,0,0,0,0,0,0,3.17133,0
Singrauli,5.98815,5.98815,0,0,5.98815,0,0,0,0,0,0,0,3.59289,0,0,0,0,0
Kachchh,0,42.5126,0,17.039657769,4.216642231,0,0,0,0,0,0,0,0,0,0,0,12.75378,0
Banas,0,48.4763,0,19.429993976,4.808156024,0,0,0,0,0,0,0,0,0,0,0,14.54289,0
Patan,0,22.4837,0,9.011788349,2.230061651,0,0,0,0,0,0,0,0,0,0,0,6.74511,0
Mahesana,0,31.8821,0,12.778801413,3.162248587,0,0,0,0,0,0,0,0,0,0,0,9.56463,0
Sabar,19.14155,19.14155,0,0,0,3.464240995,15.677309005,0,0,0,0,0.351174105,0,0,0,6.270923602,4.862832293,0
Gandhinagar,0,22.2654,0,0,0,2.014797951,9.117902049,0,0,0,0,0.204242392,0,0,0,3.647160819,2.828216789,0
Ahmadabad,0,114.2711,0,0,0,10.340401618,46.795148382,0,0,0,0,1.048218437,0,0,0,18.718059353,14.515052211,0
Surendranagar,0,29.7723,0,11.933163415,2.952986585,0,0,0,0,0,0,0,0,0,0,0,8.93169,0
Rajkot,0,64.207,0,0,0,5.810096925,26.293403075,0,0,0,0,0.588976225,0,0,0,10.51736123,8.155762544,0
Jamnagar,0,33.0467,0,0,0,2.990398711,13.532951289,0,0,0,0,0.303140166,0,0,0,5.413180516,4.197689319,0
Porbandar,0,9.6589,0,3.871425187,0.958024813,0,0,0,0,0,0,0,0,0,0,0,2.89767,0
Junagadh,0,43.4215,0,0,0,3.929215251,17.781534749,0,0,0,0,0.398309081,0,0,0,7.1126139,5.515527019,0
Amreli,0,23.0331,0,0,0,2.08426719,9.43228281,0,0,0,0,0.211284569,0,0,0,3.772913124,2.925732307,0
Bhavnagar,0,50.5485,0,0,0,4.574138091,20.700111909,0,0,0,0,0.463685653,0,0,0,8.280044764,6.420819583,0
Anand,15.8095,15.8095,0,12.673347172,3.136152828,0,0,0,0,0,0,0,0,0,0,0,9.4857,0
Kheda,15.2907,15.2907,0,0,0,2.767313503,12.523386497,0,0,0,0,0.280525761,0,0,0,5.009354599,3.88453964,0
Panch Mahals,19.842,19.842,0,15.905914456,3.936085544,0,0,0,0,0,0,0,0,0,0,0,11.9052,0
Dohad,15.2433,15.2433,0,0,0,2.758735043,12.484564957,0,0,0,0,0.279656153,0,0,0,4.993825983,3.872497864,0
Vadodara,37.7775,37.7775,0,30.283524007,7.493975993,0,0,0,0,0,0,0,0,0,0,0,22.6665,0
Narmada,5.6921,5.6921,0,4.562950089,1.129149911,0,0,0,0,0,0,0,0,0,0,0,3.41526,0
Bharuch,11.8007,11.8007,0,0,0,2.135692706,9.665007294,0,0,0,0,0.216497632,0,0,0,3.866002918,2.99791945,0
Surat,46.58105,46.58105,0,0,0,8.430246401,38.150803599,0,0,0,0,0.8545838,0,0,0,15.260321439,11.833724761,0
The Dangs,2.37675,2.37675,0,0,0,0,0,2.37675,1.42605,0,0,0,0,0,0,0,0,0
Navsari,15.67125,15.67125,0,0,0,0,0,15.67125,9.40275,0,0,0,0,0,0,0,0,0
Valsad,15.36205,15.36205,0,0,0,0,0,15.36205,9.21723,0,0,0,0,0,0,0,0,0
Diu,0.6716,0.6716,0,0,0,0.121546283,0.550053717,0,0,0,0,0.012321287,0,0,0,0.220021487,0.170617226,0
Daman,0.55425,0.55425,0,0,0,0.10030826,0.45394174,0,0,0,0,0.010168364,0,0,0,0.181576696,0.14080494,0
Dadra & Nagar Haveli,2.0019,2.0019,0,0,0,0,0,2.0019,1.20114,0,0,0,0,0,0,0,0,0
Nandurbar,12.1927,12.1927,0,0,0,2.206636933,9.986063067,0,0,0,0,0.223689331,0,0,0,3.994425227,3.097505443,0
Dhule,17.05735,17.05735,0,0,0,3.087042122,13.970307878,0,0,0,0,0.31293702,0,0,0,5.588123151,4.333349829,0
Jalgaon,0,66.1181,0,0,0,5.983032527,27.076017473,0,0,0,0,0.606506907,0,0,0,10.830406989,8.398516104,0
Buldana,0,44.7458,0,0,0,4.049051271,18.323848729,0,0,0,0,0.410456997,0,0,0,7.329539492,5.683743512,0
Akola,0,28.6364,0,0,0,2.591310287,11.726889713,0,0,0,0,0.262684112,0,0,0,4.690755885,3.637480003,0
Washim,0,20.4451,0,0,0,1.850078849,8.372471151,0,0,0,0,0.187544626,0,0,0,3.348988461,2.596996913,0
Amravati,0,52.3707,0,0,0,4.739029125,21.446320875,0,0,0,0,0.480400847,0,0,0,8.57852835,6.652280802,0
Wardha,13.2076,13.2076,0,0,0,2.390313709,10.817286291,0,0,0,0,0.242308857,0,0,0,4.326914517,3.355336626,0
Nagpur,42.2169,42.2169,0,0,0,7.640421788,34.576478212,0,0,0,0,0.774518368,0,0,0,13.830591285,10.725030347,0
Bhandara,10.48235,10.48235,0,0,0,1.897097497,8.585252503,0,0,0,0,0.192310961,0,0,0,3.434101001,2.662998038,0
Gondiya,22.458,0,0,0,0,2.032226342,9.196773658,0,0,0,0,0.206009128,0,0,0,3.678709463,2.852681409,0
Gadchiroli,11.51265,11.51265,0,0,0,2.083561367,9.429088633,0,0,0,0,0.211213019,0,0,0,3.771635453,2.924741528,0
Chandrapur,20.7988,20.7988,0,0,0,3.764170384,17.034629616,0,0,0,0,0.381578293,0,0,0,6.813851846,5.283849861,0
Yavatmal,0,47.7198,0,0,0,4.318168786,19.541731214,0,0,0,0,0.43773775,0,0,0,7.816692486,6.061509765,0
Nanded,20.1759,20.1759,0,16.173578242,4.002321758,0,0,0,0,0,0,0,0,0,0,0,12.10554,0
Hingoli,0,13.6819,0,0,0,1.238076302,5.602873698,0,0,0,0,0.125505222,0,0,0,2.241149479,1.737915298,0
Parbhani,0,16.3336,0,0,0,1.478028862,6.688771138,0,0,0,0,0.14982949,0,0,0,2.675508455,2.074742055,0
Jalna,0,24.144,0,0,0,2.184792626,9.887207374,0,0,0,0,0.221474948,0,0,0,3.95488295,3.066842102,0
Aurangabad,0,35.8608,0,0,0,3.245046861,14.685353139,0,0,0,0,0.328954142,0,0,0,5.874141256,4.555144602,0
Nashik,0,94.892,0,0,0,0,0,47.446,28.4676,0,0,0,0,0,0,0,0,0
Thane,95.58755,95.58755,0,0,0,0,0,95.58755,57.35253,0,0,0,0,0,0,0,0,0
Mumbai,112.34115,112.34115,0,0,0,20.331520555,92.009629445,0,0,0,0,2.061029685,0,0,0,36.803851778,28.539808537,0
Raigarh,49.6488,0,0,0,0,0,0,24.8244,14.89464,0,0,0,0,0,0,0,0,0
Pune,88.10215,88.10215,0,70.625202161,17.476947839,0,0,0,0,0,0,0,0,0,0,0,52.86129,0
Ahmadnagar,0,84.1251,0,0,0,0,0,42.06255,25.23753,0,0,0,0,0,0,0,0,0
Bid,0,38.636,0,0,0,3.496174946,15.821825054,0,0,0,0,0.354411286,0,0,0,6.328730021,4.907658692,0
Latur,17.3064,17.3064,0,0,0,3.132115234,14.174284766,0,0,0,0,0.317506133,0,0,0,5.669713906,4.39661996,0
Osmanabad,0,25.7081,0,0,0,2.326328169,10.527721831,0,0,0,0,0.235822569,0,0,0,4.211088732,3.265518698,0
Solapur,36.78235,36.78235,0,29.485783317,7.296566683,0,0,0,0,0,0,0,0,0,0,0,22.06941,0
Satara,31.32775,31.32775,0,0,0,0,0,31.32775,18.79665,0,0,0,0,0,0,0,0,0
Ratnagiri,19.16075,19.16075,0,0,0,0,0,19.16075,11.49645,0,0,0,0,0,0,0,0,0
Sindhudurg,9.2158,9.2158,0,0,0,1.667877061,7.547922939,0,0,0,0,0.169074621,0,0,0,3.019169175,2.341236203,0
Kolhapur,33.32295,33.32295,0,0,0,0,0,33.32295,19.99377,0,0,0,0,0,0,0,0,0
Sangli,25.1222,25.1222,0,0,0,4.546620056,20.575579944,0,0,0,0,0.460896118,0,0,0,8.230231978,6.382191904,0
Adilabad,53.7226,0,0,0,0,4.861362671,21.999937329,0,0,0,0,0.49280194,0,0,0,8.799974931,6.824003128,0
Nizamabad,51.4289,0,0,0,0,4.653805562,21.060644438,0,0,0,0,0.471761637,0,0,0,8.424257775,6.532650588,0
Karimnagar,95.4737,0,0,0,0,8.639423283,39.097426717,0,0,0,0,0.875788301,0,0,0,15.638970687,12.127351012,0
Medak,55.6944,0,0,0,0,5.039791022,22.807408978,0,0,0,0,0.510889428,0,0,0,9.122963591,7.074466981,0
Hyderabad and Rangar,138.2552,0,0,0,0,12.510724879,56.616875121,0,0,0,0,1.268226608,0,0,0,22.646750048,17.561583343,0
Rangareddi,41.9502,0,0,0,0,3.796077188,17.179022812,0,0,0,0,0.384812722,0,0,0,6.871609125,5.328638153,0
Mahbubnagar,68.8751,0,0,0,0,6.232513693,28.205036307,0,0,0,0,0.6317971,0,0,0,11.282014523,8.748718377,0
Nalgonda,76.3013,0,0,0,0,6.904511167,31.246138833,0,0,0,0,0.699918259,0,0,0,12.498455533,9.692016207,0
Warangal,85.8923,0,0,0,0,7.772401577,35.173748423,0,0,0,0,0.787897311,0,0,0,14.069499369,10.91029332,0
Khammam,68.7428,0,0,0,0,6.220541855,28.150858145,0,0,0,0,0.630583501,0,0,0,11.260343258,8.731913241,0
Srikakulam,64.3134,0,0,0,0,5.81972507,26.33697493,0,0,0,0,0.589952242,0,0,0,10.534789972,8.169277786,0
Vizianagaram,55.9955,0,0,0,0,5.067037587,22.930712413,0,0,0,0,0.513651444,0,0,0,9.172284965,7.112713591,0
Visakhapatnam,96.9395,0,0,0,0,8.772063651,39.697686349,0,0,0,0,0.889234208,0,0,0,15.87907454,12.313541252,0
East Godavari,131.9255,0,0,0,0,11.937949785,54.024800215,0,0,0,0,1.210163737,0,0,0,21.609920086,16.757566177,0
West Godavari,93.4781,0,0,0,0,8.458841269,38.280208731,0,0,0,0,0.857482494,0,0,0,15.312083493,11.873864013,0
Krishna,115.6859,0,0,0,57.84295,0,0,0,0,0,0,0,34.70577,0,0,0,0,0
Guntur,108.1727,0,0,0,0,9.78855688,44.29779312,0,0,0,0,0.992277299,0,0,0,17.719117248,13.740415453,0
Prakasam,74.5913,0,0,0,0,6.74977312,30.54587688,0,0,0,0,0.684232285,0,0,0,12.218350752,9.474806963,0
Nellore,58.5811,0,0,0,0,5.301008752,23.989541248,0,0,0,0,0.53736937,0,0,0,9.595816499,7.441144131,0
Cuddapah,61.2159,0,0,0,0,5.53943203,25.06851797,0,0,0,0,0.561538613,0,0,0,10.027407188,7.775824199,0
Kurnool,79.3699,0,0,0,0,7.182189043,32.502760957,0,0,0,0,0.728066786,0,0,0,13.001104383,10.081798831,0
Anantapur,87.2592,0,0,0,5.948612463,37.680987537,0,0,0,0,26.17776,0,0,0,0,0,0,0
Chittoor,87.2673,0,0,0,0,7.896825445,35.736824555,0,0,0,0,0.800510302,0,0,0,14.294729822,11.084949876,0
Belgaum,41.2165,41.2165,0,0,0,7.459369224,33.757130776,0,0,0,0,0.75616486,0,0,0,13.50285231,10.470882829,0
Bagalkot,16.4846,16.4846,0,0,0,2.983385729,13.501214271,0,0,0,0,0.302429252,0,0,0,5.400485708,4.18784504,0
Bijapur,15.79745,15.79745,0,0,0,2.859025205,12.938424795,0,0,0,0,0.289822682,0,0,0,5.175369918,4.0132774,0
Gulbarga,45.6801,0,0,0,0,4.133596158,18.706453842,0,0,0,0,0.419027409,0,0,0,7.482581537,5.802421054,0
Bidar,23.7877,0,0,0,0,2.152551009,9.741298991,0,0,0,0,0.218206578,0,0,0,3.896519597,3.021583825,0
Raichur,27.7166,0,0,11.10920947,2.74909053,0,0,0,0,0,0,0,0,0,0,0,8.31498,0
Koppal,23.3343,0,0,0,0,2.111522804,9.555627196,0,0,0,0,0.214047502,0,0,0,3.822250878,2.96399162,0
Gadag,18.2296,0,0,0,0,1.649598064,7.465201936,0,0,0,0,0.167221658,0,0,0,2.986080774,2.315577568,0
Dharwad,23.396,0,0,0,1.594946289,10.103053711,0,0,0,0,7.0188,0,0,0,0,0,0,0
Uttara,25.9476,0,0,0,0,2.348000545,10.625799455,0,0,0,0,0.238019523,0,0,0,4.250319782,3.295940695,0
Haveri,30.3873,0,0,0,0,2.749749377,12.443900623,0,0,0,0,0.278745265,0,0,0,4.977560249,3.859884486,0
Bellary,38.5767,0,0,0,0,3.490808884,15.797541116,0,0,0,0,0.353867322,0,0,0,6.319016446,4.900126231,0
Chitradurga,26.7347,0,0,0,0,0,0,13.36735,8.02041,0,0,0,0,0,0,0,0,0
Davanagere,38.207,0,0,0,0,3.4573547,15.6461453,0,0,0,0,0.350476033,0,0,0,6.25845812,4.853165847,0
Shimoga,36.564,0,0,0,0,3.308679489,14.973320511,0,0,0,0,0.335404655,0,0,0,5.989328204,4.64446714,0
Udupi,16.3068,0,0,0,0,1.475603727,6.677796273,0,0,0,0,0.149583652,0,0,0,2.671118509,2.071337839,0
Chikmagalur,26.5689,0,0,0,0,2.404222035,10.880227965,0,0,0,0,0.24371876,0,0,0,4.352091186,3.374860054,0
Tumkur,50.9514,0,0,0,0,0,0,25.4757,15.28542,0,0,0,0,0,0,0,0,0
Kolar,28.1667,0,0,0,0,0,0,14.08335,8.45001,0,0,0,0,0,0,0,0,0
Bangalore,99.4832,0,0,0,0,0,0,49.7416,29.84496,0,0,0,0,0,0,0,0,0
Bangalore Rural,15.9857,0,0,0,0,0,0,7.99285,4.79571,0,0,0,0,0,0,0,0,0
Mandya,40.2216,0,0,0,0,0,0,20.1108,12.06648,0,0,0,0,0,0,0,0,0
Hassan,33.267,0,0,0,0,0,0,16.6335,9.9801,0,0,0,0,0,0,0,0,0
Dakshina Kannada,32.3586,0,0,0,0,2.928132483,13.251167517,0,0,0,0,0.296828167,0,0,0,5.300467007,4.110284827,0
Kodagu,9.8827,0,0,0,0,0.894286369,4.047063631,0,0,0,0,0.09065484,0,0,0,1.618825453,1.255329707,0
Mysore,51.9404,0,0,0,0,0,0,25.9702,15.58212,0,0,0,0,0,0,0,0,0
Chamarajanagar,21.6424,0,0,0,0,0,0,10.8212,6.49272,0,0,0,0,0,0,0,0,0
Ramanagar,19.4949,0,0,0,0,0,0,9.74745,5.84847,0,0,0,0,0,0,0,0,0
Chikkaballapura,22.0218,0,0,0,0,0,0,11.0109,6.60654,0,0,0,0,0,0,0,0,0
North Goa,17.485,0,0,0,0,1.582219146,7.160280854,0,0,0,0,0.160391379,0,0,0,2.864112341,2.220996279,0
South Goa,13.5355,0,0,0,0,1.224828553,5.542921447,0,0,0,0,0.124162283,0,0,0,2.217168579,1.719319138,0
Lakshadweep,0.9606,0,0,0,0.065485784,0.414814216,0,0,0,0,0.28818,0,0,0,0,0,0,0
Kasaragod,22.4991,0,0,0,0,2.035945484,9.213604516,0,0,0,0,0.206386142,0,0,0,3.685441806,2.857902052,0
Kannur,46.7915,0,0,0,0,4.234166839,19.161583161,0,0,0,0,0.429222375,0,0,0,7.664633264,5.94359436,0
Wayanad,16.7647,0,0,0,0,1.517039138,6.865310862,0,0,0,0,0.153784007,0,0,0,2.746124345,2.129501648,0
Kozhikode,61.7861,0,0,0,0,5.591029476,25.302020524,0,0,0,0,0.566769106,0,0,0,10.120808209,7.848252685,0
Malappuram,71.3806,0,0,0,0,6.459236603,29.231063397,0,0,0,0,0.654780263,0,0,0,11.692425359,9.066974378,0
Palakkad,59.9013,0,0,0,0,5.420473763,24.530176237,0,0,0,0,0.549479676,0,0,0,9.812070495,7.608839829,0
Thrissur,66.859,0,0,0,0,6.050076632,27.379423368,0,0,0,0,0.613303245,0,0,0,10.951769347,8.492627408,0
Ernakulam,70.2139,0,0,0,0,6.35366182,28.75328818,0,0,0,0,0.644078026,0,0,0,11.501315272,8.918776702,0
Idukki,28.1194,0,0,0,1.916948738,12.142751262,0,0,0,0,8.43582,0,0,0,0,0,0,0
Kottayam,40.299,0,0,0,0,3.646659959,16.502840041,0,0,0,0,0.369666125,0,0,0,6.601136017,5.118897858,0
Alappuzha,49.7774,0,0,0,0,4.504361186,20.384338814,0,0,0,0,0.456612288,0,0,0,8.153735526,6.322872186,0
Pathanamthitta,29.148,0,0,0,0,2.637605014,11.936394986,0,0,0,0,0.267377062,0,0,0,4.774557994,3.702464944,0
Kollam,63.7472,0,0,0,0,5.768489583,26.105110417,0,0,0,0,0.584758441,0,0,0,10.442044167,8.097357392,0
Thiruvananthapuram,69.799,0,0,0,0,6.316117483,28.583382517,0,0,0,0,0.640272113,0,0,0,11.433353007,8.86607488,0
Thiruvallur,86.3083,0,0,0,0,7.810045453,35.344104547,0,0,0,0,0.791713314,0,0,0,14.137641819,10.963134867,0
Chennai,100.163,0,0,0,0,9.063758442,41.017741558,0,0,0,0,0.918803646,0,0,0,16.407096623,12.722999731,0
Kancheepuram,94.947,0,0,0,0,8.591762155,38.881737845,0,0,0,0,0.870956838,0,0,0,15.552695138,12.060448024,0
Vellore,77.229,0,0,0,0,6.988458819,31.626041181,0,0,0,0,0.70842813,0,0,0,12.650416472,9.809855398,0
Dharmapuri,37.1656,0,0,0,0,3.363118325,15.219681675,0,0,0,0,0.340923183,0,0,0,6.08787267,4.720884147,0
Tiruvannamalai,56.788,0,0,0,0,5.13875098,23.25524902,0,0,0,0,0.520921113,0,0,0,9.302099608,7.213379279,0
Viluppuram,72.1674,0,0,0,0,6.530434202,29.553265798,0,0,0,0,0.661997646,0,0,0,11.821306319,9.166916035,0
Salem,80.405,0,0,0,0,7.275855331,32.926644669,0,0,0,0,0.737561845,0,0,0,13.170657868,10.213280287,0
Namakkal,43.6865,0,0,0,0,3.953195124,17.890054876,0,0,0,0,0.400739949,0,0,0,7.156021951,5.549188101,0
Erode,73.3302,0,0,0,0,6.635656073,30.029443927,0,0,0,0,0.672664108,0,0,0,12.011777571,9.314618321,0
The Nilgiris,17.1743,0,0,0,0,1.554103877,7.033046123,0,0,0,0,0.157541302,0,0,0,2.813218449,2.181530249,0
Coimbatore,126.8023,0,0,0,0,11.474350978,51.926799022,0,0,0,0,1.163168191,0,0,0,20.770719609,16.1068022,0
Dindigul,52.185,0,0,0,0,4.722225116,21.370274884,0,0,0,0,0.478697406,0,0,0,8.548109954,6.628692641,0
Karur,27.4435,0,0,0,0,2.483364664,11.238385336,0,0,0,0,0.25174154,0,0,0,4.495354135,3.485954326,0
Tiruchirappalli,60.5682,0,0,0,0,5.480821601,24.803278399,0,0,0,0,0.555597206,0,0,0,9.92131136,7.693551434,0
Perambalur,14.1437,0,0,0,0,1.279864623,5.791985377,0,0,0,0,0.129741353,0,0,0,2.316794151,1.796574497,0
Ariyalur,21.8883,0,0,0,0,1.98067414,8.96347586,0,0,0,0,0.200783222,0,0,0,3.585390344,2.780316434,0
Cuddalore,55.6259,0,0,0,0,5.033592451,22.779357549,0,0,0,0,0.510261072,0,0,0,9.111743019,7.065765909,0
Nagapattinam,35.4606,0,0,0,2.417411197,15.312888803,0,0,0,0,10.63818,0,0,0,0,0,0,0
Thiruvarur,27.8103,0,0,0,0,2.516556427,11.388593573,0,0,0,0,0.255106227,0,0,0,4.555437429,3.532546344,0
Thanjavur,56.4905,0,0,0,0,5.111830179,23.133419821,0,0,0,0,0.51819212,0,0,0,9.253367928,7.175589951,0
Pudukkottai,36.0923,0,0,0,0,3.265995316,14.780154684,0,0,0,0,0.331077712,0,0,0,5.912061874,4.584550415,0
Sivaganga,34.1056,0,0,0,0,3.086218663,13.966581337,0,0,0,0,0.312853545,0,0,0,5.586632535,4.33219392,0
Madurai,67.4462,0,0,0,0,6.10321241,27.61988759,0,0,0,0,0.61868968,0,0,0,11.047955036,8.567215284,0
Theni,28.1851,0,0,0,0,2.550472111,11.542077889,0,0,0,0,0.258544299,0,0,0,4.616831156,3.580154545,0
Virudhunagar,46.8405,0,0,0,0,4.238600853,19.181649147,0,0,0,0,0.429671856,0,0,0,7.672659659,5.949818485,0
Ramanathapuram,30.3284,0,0,0,0,2.744419511,12.419780489,0,0,0,0,0.278204971,0,0,0,4.967912195,3.852402834,0
Thoothukkudi,37.4518,0,0,0,0,3.389016587,15.336883413,0,0,0,0,0.34354852,0,0,0,6.134753365,4.757238115,0
Tirunelveli,77.0481,0,0,0,0,6.972089163,31.551960837,0,0,0,0,0.706768719,0,0,0,12.620784335,9.786876946,0
Kanniyakumari,39.8092,0,0,0,0,3.602337915,16.302262085,0,0,0,0,0.365173149,0,0,0,6.520904834,5.056682017,0
Krishnagiri,33.0718,0,0,0,0,2.992670012,13.543229988,0,0,0,0,0.30337041,0,0,0,5.417291995,4.200877595,0
Yanam,1.2394,0,0,0,0,0.112153412,0.507546588,0,0,0,0,0.011369121,0,0,0,0.203018635,0.157432244,0
Pondicherry,20.7969,0,0,0,0,1.881913261,8.516536739,0,0,0,0,0.190771717,0,0,0,3.406614696,2.641683587,0
Mahe,0.4688,0,0,0,0,0.042421752,0.191978248,0,0,0,0,0.004300342,0,0,0,0.076791299,0.059548359,0
Karaikal,3.9292,0,0,0,0,0.355553644,1.609046356,0,0,0,0,0.036042883,0,0,0,0.643618542,0.499098575,0
South Andamans,4.6675,0,0,0,0,0.422362474,1.911387526,0,0,0,0,0.042815371,0,0,0,0.76455501,0.592879619,0
Nicobars,0.5244,0,0,0,0.035749266,0.226450734,0,0,0,0,0.15732,0,0,0,0,0,0,0
North and Middle Andamans,2.3851,0,0,0,0,0.215827903,0.976722097,0,0,0,0,0.021878723,0,0,0,0.390688839,0.302962438,0
